Workbook

Sheet Test Cases
A1: API TEST CASE SHEET
A2: Project: | B2: JSONPlaceholder API | E2: Tester: | F2: Rahel Anastasya Pithaloka | H2: Date: | I2: 2026-10-20
A3: Environment: | B3: Postman, macOS 15.5, base URL: https://jsonplaceholder.typicode.com
A4: TC ID | B4: Module / Endpoint | C4: Scenario | D4: Type | E4: Method | F4: Endpoint | G4: Precondition | H4: Request Data | I4: Test Steps | J4: Expected Result | K4: Actual Result | L4: Actual Status Code | M4: Response Time (ms) | N4: Status | O4: Bug ID | P4: Evidence | Q4: Notes
A5: TC-API-POSTS-01 | B5: Posts | C5: Get all posts | D5: Positive | E5: GET | F5: /posts | G5: 1. Postman is open and the collection is imported 2. Internet connection is available | H5: - | I5: 1. Open the request TC-API-POSTS-01 in the collection 2. Click Send 3. Check the status code, response time, and response body in Postman | J5: 1. Status code is 200 2. Response is an array of 100 posts 3. The first post has userId, id, title, and body with the correct data types 4. Content-Type is JSON 5. Response time is below 2000 ms | K5: 1. Status code was 200 2. Response was an array of 100 posts 3. The first post had userId, id, title, and body with the correct data types 4. Content-Type was JSON 5. Response time was 41 ms | L5: 200 | M5: 41 | N5: Pass | P5: TC-API-POSTS-01
A6: TC-API-POSTS-02 | B6: Posts | C6: Get a single post | D6: Positive | E6: GET | F6: /posts/1 | G6: 1. Postman is open and the collection is imported 2. Internet connection is available 3. Post with id 1 exists | H6: - | I6: 1. Open the request TC-API-POSTS-02 in the collection 2. Click Send 3. Check the status code, response time, and response body in Postman | J6: 1. Status code is 200 2. Post id is 1 3. Post has userId, id, title, and body, and the title is not empty 4. Content-Type is JSON 5. Response time is below 2000 ms | K6: 1. Status code was 200 2. Post id was 1 3. The post had userId, id, title, and body, and the title was not empty 4. Content-Type was JSON 5. Response time was 1730 ms | L6: 200 | M6: 1730 | N6: Pass | P6: TC-API-POSTS-02 | Q6: Response time was close to the 2000 ms limit
A7: TC-API-POSTS-03 | B7: Posts | C7: Filter posts by userId | D7: Positive | E7: GET | F7: /posts?userId=1 | G7: 1. Postman is open and the collection is imported 2. Internet connection is available | H7: Query parameter: userId = 1 | I7: 1. Open the request TC-API-POSTS-03 in the collection 2. Check the request body or parameters 3. Click Send 4. Check the status code, response time, and response body in Postman | J7: 1. Status code is 200 2. Response is a non-empty array 3. Every post belongs to userId 1 4. Content-Type is JSON 5. Response time is below 2000 ms | K7: 1. Status code was 200 2. Response was a non-empty array 3. Every post belonged to userId 1 4. Content-Type was JSON 5. Response time was 291 ms | L7: 200 | M7: 291 | N7: Pass | P7: TC-API-POSTS-03
A8: TC-API-POSTS-04 | B8: Posts | C8: Create a post | D8: Positive | E8: POST | F8: /posts | G8: 1. Postman is open and the collection is imported 2. Internet connection is available | H8: Header: Content-Type = application/json Body: { "title": "QA test post API (by Rahel)", "body": "Created from the Postman collection", "userId": 1 } | I8: 1. Open the request TC-API-POSTS-04 in the collection 2. Check the request body or parameters 3. Click Send 4. Check the status code, response time, and response body in Postman | J8: 1. Status code is 201 2. Response contains the same title, body, and userId that were sent 3. A new id is returned 4. Content-Type is JSON 5. Response time is below 2000 ms | K8: 1. Status code was 201 2. Response contained the same title, body, and userId that were sent 3. A new id was returned 4. Content-Type was JSON 5. Response time was 322 ms | L8: 201 | M8: 322 | N8: Pass | P8: TC-API-POSTS-04
A9: TC-API-POSTS-05 | B9: Posts | C9: Update a post (PUT) | D9: Positive | E9: PUT | F9: /posts/1 | G9: 1. Postman is open and the collection is imported 2. Internet connection is available 3. Post with id 1 exists | H9: Header: Content-Type = application/json Body: { "id": 1, "title": "New title", "body": "New body", "userId": 1 } | I9: 1. Open the request TC-API-POSTS-05 in the collection 2. Check the request body or parameters 3. Click Send 4. Check the status code, response time, and response body in Postman | J9: 1. Status code is 200 2. Post id stays 1 3. Response contains the updated title, body, and userId 4. Content-Type is JSON 5. Response time is below 2000 ms | K9: 1. Status code was 200 2. Post id stayed 1 3. Response contained the updated title, body, and userId 4. Content-Type was JSON 5. Response time was 636 ms | L9: 200 | M9: 636 | N9: Pass | P9: TC-API-POSTS-05
A10: TC-API-POSTS-06 | B10: Posts | C10: Partially update a post (PATCH) | D10: Positive | E10: PATCH | F10: /posts/1 | G10: 1. Postman is open and the collection is imported 2. Internet connection is available 3. Post with id 1 exists | H10: Header: Content-Type = application/json Body: { "title": "Only changes the title" } | I10: 1. Open the request TC-API-POSTS-06 in the collection 2. Check the request body or parameters 3. Click Send 4. Check the status code, response time, and response body in Postman | J10: 1. Status code is 200 2. Title is updated 3. Other fields (id, userId, body) are still present 4. Content-Type is JSON 5. Response time is below 2000 ms | K10: 1. Status code was 200 2. Title was updated 3. The other fields (id, userId, body) were still present 4. Content-Type was JSON 5. Response time was 314 ms | L10: 200 | M10: 314 | N10: Pass | P10: TC-API-POSTS-06
A11: TC-API-POSTS-07 | B11: Posts | C11: Delete a post | D11: Positive | E11: DELETE | F11: /posts/1 | G11: 1. Postman is open and the collection is imported 2. Internet connection is available 3. Post with id 1 exists | H11: - | I11: 1. Open the request TC-API-POSTS-07 in the collection 2. Click Send 3. Check the status code, response time, and response body in Postman | J11: 1. Status code is 200 2. Response body is empty 3. Content-Type is JSON 4. Response time is below 2000 ms | K11: 1. Status code was 200 2. Response body was empty 3. Content-Type was JSON 4. Response time was 337 ms | L11: 200 | M11: 337 | N11: Pass | P11: TC-API-POSTS-07
A12: TC-API-USERS-01 | B12: Users | C12: Get a user | D12: Positive | E12: GET | F12: /users/1 | G12: 1. Postman is open and the collection is imported 2. Internet connection is available 3. User with id 1 exists | H12: - | I12: 1. Open the request TC-API-USERS-01 in the collection 2. Click Send 3. Check the status code, response time, and response body in Postman | J12: 1. Status code is 200 2. User id is 1 3. Name and username are not empty 4. Email has a valid format 5. Address (including geo) and company are objects 6. Content-Type is JSON 7. Response time is below 2000 ms | K12: 1. Status code was 200 2. User id was 1 3. Name and username were not empty 4. Email had a valid format 5. Address (including geo) and company were objects 6. Content-Type was JSON 7. Response time was 502 ms | L12: 200 | M12: 502 | N12: Pass | P12: TC-API-USERS-01
A13: TC-API-COMMENTS-01 | B13: Comments | C13: Get comments of a post | D13: Positive | E13: GET | F13: /posts/1/comments | G13: 1. Postman is open and the collection is imported 2. Internet connection is available 3. Post with id 1 exists | H13: - | I13: 1. Open the request TC-API-COMMENTS-01 in the collection 2. Click Send 3. Check the status code, response time, and response body in Postman | J13: 1. Status code is 200 2. Response is a non-empty array 3. Every comment belongs to post 1 4. Every comment has a valid email 5. Content-Type is JSON 6. Response time is below 2000 ms | K13: 1. Status code was 200 2. Response was a non-empty array 3. Every comment belonged to post 1 4. Every comment had a valid email 5. Content-Type was JSON 6. Response time was 253 ms | L13: 200 | M13: 253 | N13: Pass | P13: TC-API-COMMENTS-01
A14: TC-API-NEG-01 | B14: Negative | C14: Get a post that does not exist | D14: Negative | E14: GET | F14: /posts/9999 | G14: 1. Postman is open and the collection is imported 2. Internet connection is available 3. Post with id 9999 does not exist | H14: - | I14: 1. Open the request TC-API-NEG-01 in the collection 2. Click Send 3. Check the status code, response time, and response body in Postman | J14: 1. Status code is 404 2. Response body is empty 3. Content-Type is JSON 4. Response time is below 2000 ms | K14: 1. Status code was 404 2. Response body was empty 3. Content-Type was JSON 4. Response time was 352 ms | L14: 404 | M14: 352 | N14: Pass | P14: TC-API-NEG-01

Sheet Bug Log
A1: BUG LOG (API)
A2: Satu bug = satu baris. Kolom 'Related TC' mengacu ke TC ID di sheet Test Cases. Kolom 'Request' berisi method dan endpoint, misalnya POST /posts.
A3: Bug ID | B3: Title | C3: Related TC | D3: Severity | E3: Environment | F3: Request | G3: Steps to Reproduce | H3: Expected Result | I3: Actual Result | J3: Status | K3: Reported Date | L3: Attachment (link)

Sheet Ringkasan
B2: API TEST SUMMARY
B3: Dihitung otomatis dari sheet Test Cases dan Bug Log. Tidak perlu diisi.
B5: Total Test Cases | C5: Pass | D5: Fail | E5: Blocked | F5: Not Run | G5: Pass Rate | H5: Open Bugs
B6: =COUNTA('Test Cases'!$A$5:$A$64) -> 10 | C6: =C9 -> 10 | D6: =C10 -> 0 | E6: =C11 -> 0 | F6: =C12 -> 0 | G6: =IF(SUM(C9:C11)=0,0,C9/SUM(C9:C11)) -> 1 | H6: =COUNTIF('Bug Log'!$J$4:$J$63,"Open")+COUNTIF('Bug Log'!$J$4:$J$63,"Reopened") -> 0
B8: Status | C8: Jumlah
B9: Pass | C9: =COUNTIF('Test Cases'!$N$5:$N$64,B9) -> 10
B10: Fail | C10: =COUNTIF('Test Cases'!$N$5:$N$64,B10) -> 0
B11: Blocked | C11: =COUNTIF('Test Cases'!$N$5:$N$64,B11) -> 0
B12: Not Run | C12: =COUNTIF('Test Cases'!$N$5:$N$64,B12) -> 0
B15: Method | C15: Total | D15: Pass | E15: Fail
B16: GET | C16: =COUNTIF('Test Cases'!$E$5:$E$64,B16) -> 6 | D16: =COUNTIFS('Test Cases'!$E$5:$E$64,B16,'Test Cases'!$N$5:$N$64,"Pass") -> 6 | E16: =COUNTIFS('Test Cases'!$E$5:$E$64,B16,'Test Cases'!$N$5:$N$64,"Fail") -> 0
B17: POST | C17: =COUNTIF('Test Cases'!$E$5:$E$64,B17) -> 1 | D17: =COUNTIFS('Test Cases'!$E$5:$E$64,B17,'Test Cases'!$N$5:$N$64,"Pass") -> 1 | E17: =COUNTIFS('Test Cases'!$E$5:$E$64,B17,'Test Cases'!$N$5:$N$64,"Fail") -> 0
B18: PUT | C18: =COUNTIF('Test Cases'!$E$5:$E$64,B18) -> 1 | D18: =COUNTIFS('Test Cases'!$E$5:$E$64,B18,'Test Cases'!$N$5:$N$64,"Pass") -> 1 | E18: =COUNTIFS('Test Cases'!$E$5:$E$64,B18,'Test Cases'!$N$5:$N$64,"Fail") -> 0
B19: PATCH | C19: =COUNTIF('Test Cases'!$E$5:$E$64,B19) -> 1 | D19: =COUNTIFS('Test Cases'!$E$5:$E$64,B19,'Test Cases'!$N$5:$N$64,"Pass") -> 1 | E19: =COUNTIFS('Test Cases'!$E$5:$E$64,B19,'Test Cases'!$N$5:$N$64,"Fail") -> 0
B20: DELETE | C20: =COUNTIF('Test Cases'!$E$5:$E$64,B20) -> 1 | D20: =COUNTIFS('Test Cases'!$E$5:$E$64,B20,'Test Cases'!$N$5:$N$64,"Pass") -> 1 | E20: =COUNTIFS('Test Cases'!$E$5:$E$64,B20,'Test Cases'!$N$5:$N$64,"Fail") -> 0
B22: Type | C22: Total | D22: Pass | E22: Fail
B23: Positive | C23: =COUNTIF('Test Cases'!$D$5:$D$64,B23) -> 9 | D23: =COUNTIFS('Test Cases'!$D$5:$D$64,B23,'Test Cases'!$N$5:$N$64,"Pass") -> 9 | E23: =COUNTIFS('Test Cases'!$D$5:$D$64,B23,'Test Cases'!$N$5:$N$64,"Fail") -> 0
B24: Negative | C24: =COUNTIF('Test Cases'!$D$5:$D$64,B24) -> 1 | D24: =COUNTIFS('Test Cases'!$D$5:$D$64,B24,'Test Cases'!$N$5:$N$64,"Pass") -> 1 | E24: =COUNTIFS('Test Cases'!$D$5:$D$64,B24,'Test Cases'!$N$5:$N$64,"Fail") -> 0
B25: Edge Case | C25: =COUNTIF('Test Cases'!$D$5:$D$64,B25) -> 0 | D25: =COUNTIFS('Test Cases'!$D$5:$D$64,B25,'Test Cases'!$N$5:$N$64,"Pass") -> 0 | E25: =COUNTIFS('Test Cases'!$D$5:$D$64,B25,'Test Cases'!$N$5:$N$64,"Fail") -> 0
B27: Response time | C27: ms
B28: Rata-rata | C28: =IF(COUNT('Test Cases'!$M$5:$M$64)=0,"-",AVERAGE('Test Cases'!$M$5:$M$64)) -> 477.8
B29: Tertinggi | C29: =IF(COUNT('Test Cases'!$M$5:$M$64)=0,"-",MAX('Test Cases'!$M$5:$M$64)) -> 1730
B31: Catatan: Pass Rate = Pass / (Pass + Fail + Blocked), yaitu hanya test case yang sudah dieksekusi. Response time dihitung dari kolom Response Time (ms) yang sudah kamu isi.
